{
    "ate": {
        "TBP0": {
            "MGO02": [
                0.5278578287,
                0.1856899444
            ],
            "MH02": [
                0.0465568987,
                0.0146441468
            ],
            "MIO02": [
                1.162992494,
                0.5951015975
            ],
            "MOO02": [
                0.1763195467,
                0.0573454095
            ],
            "MOO13": [
                0.4460379921,
                0.202242926
            ],
            "TR2": [
                0.0589726505,
                0.0281255011
            ]
        },
        "TBP0F0": {
            "MGO02": [
                0.5295386242,
                0.1867893841
            ],
            "MH02": [
                0.0497433591,
                0.0161819185
            ],
            "MIO02": [
                1.1617783206,
                0.5959709687
            ],
            "MOO02": [
                0.1823440974,
                0.0597449324
            ],
            "MOO13": [
                0.4493340119,
                0.2036438546
            ],
            "TR2": [
                0.0684704201,
                0.0329437753
            ]
        },
        "TPP0": {
            "MGO02": [
                0.5408144336,
                0.227515767
            ],
            "MH02": [
                0.0515642984,
                0.0240214988
            ],
            "MIO02": [
                1.1701720538,
                0.6092735792
            ],
            "MOO02": [
                0.1843661225,
                0.0603538931
            ],
            "MOO13": [
                0.4898173265,
                0.1765012488
            ],
            "TR2": [
                0.0688805734,
                0.0323913639
            ]
        },
        "TPP0F0": {
            "MGO02": [
                0.5439219316,
                0.2293030606
            ],
            "MH02": [
                0.0582651151,
                0.0279439608
            ],
            "MIO02": [
                1.1688264831,
                0.6099240669
            ],
            "MOO02": [
                0.190383972,
                0.0629319044
            ],
            "MOO13": [
                0.4929613993,
                0.1793880491
            ],
            "TR2": [
                0.0760101722,
                0.0351879958
            ]
        },
        "main": {
            "MGO02": [
                0.548218123,
                0.2381844758
            ],
            "MH02": [
                0.0566595732,
                0.029302118
            ],
            "MIO02": [
                1.1888602581,
                0.6316151268
            ],
            "MOO02": [
                0.2383838366,
                0.1009983907
            ],
            "MOO13": [
                0.5025220837,
                0.1879418026
            ],
            "TR2": [
                0.0695771682,
                0.0325783798
            ]
        }
    },
    "rte": {
        "TBP0": {
            "MGO02": [
                0.0133830159,
                0.0091529139
            ],
            "MH02": [
                0.0021009093,
                0.0012074114
            ],
            "MIO02": [
                0.0417653919,
                0.0390000362
            ],
            "MOO02": [
                0.0069414502,
                0.0041250111
            ],
            "MOO13": [
                0.0071448189,
                0.0042726139
            ],
            "TR2": [
                0.0034304988,
                0.0027687778
            ]
        },
        "TBP0F0": {
            "MGO02": [
                0.0293017305,
                0.0164188551
            ],
            "MH02": [
                0.0028261189,
                0.0016379413
            ],
            "MIO02": [
                0.0437117208,
                0.0374756441
            ],
            "MOO02": [
                0.0221398932,
                0.0121158499
            ],
            "MOO13": [
                0.0242837641,
                0.0135964883
            ],
            "TR2": [
                0.0058622811,
                0.0039982285
            ]
        },
        "TPP0": {
            "MGO02": [
                0.0127911048,
                0.0085847389
            ],
            "MH02": [
                0.0021353325,
                0.0012065148
            ],
            "MIO02": [
                0.0404979219,
                0.0377275503
            ],
            "MOO02": [
                0.0069949272,
                0.0040541232
            ],
            "MOO13": [
                0.0068883356,
                0.0041886357
            ],
            "TR2": [
                0.0033880543,
                0.0027072723
            ]
        },
        "TPP0F0": {
            "MGO02": [
                0.0286328188,
                0.0162493425
            ],
            "MH02": [
                0.0028829079,
                0.0016327078
            ],
            "MIO02": [
                0.043166093,
                0.0369823122
            ],
            "MOO02": [
                0.0224081855,
                0.011900882
            ],
            "MOO13": [
                0.0236253753,
                0.013670867
            ],
            "TR2": [
                0.0062645685,
                0.0042390144
            ]
        },
        "main": {
            "MGO02": [
                0.0279416722,
                0.0190802309
            ],
            "MH02": [
                0.0042602084,
                0.0022965388
            ],
            "MIO02": [
                0.0645703636,
                0.0603815194
            ],
            "MOO02": [
                0.0154480135,
                0.0091810306
            ],
            "MOO13": [
                0.0170516433,
                0.0103194002
            ],
            "TR2": [
                0.0074947558,
                0.0051345023
            ]
        }
    }
}